{"cameraMode":{"drawMode":0,"name":"Shaded","section":"Shading Mode"},"sceneLighting":true,"audioPlay":false,"sceneViewState":{"showFog":true,"showMaterialUpdate":false,"showSkybox":true,"showFlares":true,"showImageEffects":true,"showParticleSystems":true},"in2DMode":false,"pivot":{"x":0.1528252214193344,"y":-10.294596672058106,"z":-22.59598159790039},"rotation":{"x":0.00021172381821088493,"y":0.9687700271606445,"z":-0.24820289015769959,"w":-0.0003096995351370424},"size":15.68572998046875,"orthographic":false}